{"type":"LSTMTimeStep","options":{"inputSize":2,"hiddenLayers":[10],"outputSize":2,"decayRate":0.999,"smoothEps":1e-8,"regc":0.000001,"clipval":5},"hiddenLayers":[{"inputMatrix":{"rows":10,"columns":2,"weights":{"0":-0.031453002244234085,"1":-0.06526361405849457,"2":0.011792476288974285,"3":-0.07876791059970856,"4":0.031043263152241707,"5":-0.018611716106534004,"6":-0.020584093406796455,"7":0.07471618056297302,"8":0.04484700411558151,"9":0.040331948548555374,"10":0.061392009258270264,"11":0.007391955237835646,"12":0.04970953240990639,"13":-0.06466857343912125,"14":0.019286518916487694,"15":0.07504742592573166,"16":-0.004917728248983622,"17":-0.05551777780056,"18":0.03931020200252533,"19":0.06610202044248581}},"inputHidden":{"rows":10,"columns":10,"weights":{"0":0.0451490543782711,"1":0.0044852751307189465,"2":-0.014776386320590973,"3":0.033188123255968094,"4":0.04617588594555855,"5":0.027369869872927666,"6":-0.07590872794389725,"7":0.03539754077792168,"8":-0.07887483388185501,"9":-0.026860151439905167,"10":-0.05016721785068512,"11":0.009539849124848843,"12":0.012553078122437,"13":0.07495715469121933,"14":0.005080864764750004,"15":-0.0015381111297756433,"16":0.015701977536082268,"17":-0.045057397335767746,"18":-0.07106434553861618,"19":-0.05926312133669853,"20":0.058922987431287766,"21":-0.07455615699291229,"22":-0.06214841827750206,"23":0.044704094529151917,"24":-0.04675170034170151,"25":-0.030956462025642395,"26":-0.021257415413856506,"27":-0.03740415722131729,"28":0.004442530684173107,"29":0.06339577585458755,"30":0.030816225335001945,"31":0.04712562635540962,"32":-0.07341236621141434,"33":-0.06724865734577179,"34":-0.022161327302455902,"35":-0.026489663869142532,"36":0.01172617357224226,"37":-0.07936183363199234,"38":0.07590563595294952,"39":0.04164884611964226,"40":-0.01957867667078972,"41":-0.017420630902051926,"42":-0.017822347581386566,"43":0.051247723400592804,"44":0.05509306862950325,"45":0.03522413596510887,"46":-0.0035802526399493217,"47":-0.029104484245181084,"48":-0.04217381775379181,"49":-0.07657384127378464,"50":0.0075524975545704365,"51":0.04456547647714615,"52":-0.06793231517076492,"53":-0.07046801596879959,"54":0.0312751866877079,"55":-0.04811147600412369,"56":0.036246541887521744,"57":0.031826768070459366,"58":0.015636881813406944,"59":0.0351041741669178,"60":0.027823565527796745,"61":-0.016856234520673752,"62":-0.06268056482076645,"63":0.05698232352733612,"64":0.047200269997119904,"65":-0.002212954219430685,"66":0.02694230154156685,"67":0.01915453001856804,"68":-0.019960394129157066,"69":0.06269549578428268,"70":-0.010488309897482395,"71":-0.06046125292778015,"72":0.0444820374250412,"73":0.027484264224767685,"74":0.034715671092271805,"75":0.07350539416074753,"76":-0.06593339890241623,"77":-0.017936673015356064,"78":-0.013823293149471283,"79":0.02607755735516548,"80":0.01598096638917923,"81":0.02381858415901661,"82":0.045788805931806564,"83":-0.05967937782406807,"84":-0.06946837157011032,"85":0.019986754283308983,"86":-0.06517386436462402,"87":-0.03153003752231598,"88":0.014006530866026878,"89":-0.05433731526136398,"90":0.06458121538162231,"91":0.07547491043806076,"92":0.07129176706075668,"93":0.004143861588090658,"94":-0.049628011882305145,"95":-0.01451846119016409,"96":0.010525020770728588,"97":0.056887783110141754,"98":-0.016718395054340363,"99":0.048907868564128876}},"inputBias":{"rows":10,"columns":1,"weights":{"0":0,"1":0,"2":0,"3":0,"4":0,"5":0,"6":0,"7":0,"8":0,"9":0}},"forgetMatrix":{"rows":10,"columns":2,"weights":{"0":-0.06487702578306198,"1":0.0012295489432290196,"2":-0.06307357549667358,"3":-0.04866548255085945,"4":0.029723402112722397,"5":-0.04158912971615791,"6":0.05904092267155647,"7":-0.07609590142965317,"8":-0.02571941167116165,"9":-0.026182973757386208,"10":-0.04667668044567108,"11":-0.0009308523149229586,"12":-0.0533570758998394,"13":-0.07053931802511215,"14":0.0757221207022667,"15":0.057288940995931625,"16":0.017916802316904068,"17":0.07104025781154633,"18":-0.0024121073074638844,"19":-0.0410851314663887}},"forgetHidden":{"rows":10,"columns":10,"weights":{"0":0.032846204936504364,"1":-0.005137953441590071,"2":0.030909601598978043,"3":-0.048443958163261414,"4":0.07382728904485703,"5":-0.07815420627593994,"6":-0.058999378234148026,"7":0.04642040282487869,"8":-0.0724959596991539,"9":-0.040747180581092834,"10":-0.014131001196801662,"11":-0.07874582707881927,"12":-0.07513365894556046,"13":0.062308020889759064,"14":0.07435222715139389,"15":-0.03737001493573189,"16":0.027975553646683693,"17":-0.03158346191048622,"18":0.07814380526542664,"19":0.032374728471040726,"20":-0.015675930306315422,"21":0.01713184081017971,"22":-0.0007057032780721784,"23":0.039623111486434937,"24":0.05699268728494644,"25":0.010010955855250359,"26":0.042302727699279785,"27":0.011385646648705006,"28":-0.0473678782582283,"29":-0.03420248255133629,"30":-0.03642124682664871,"31":-0.009525363333523273,"32":0.04275647550821304,"33":-0.06060313805937767,"34":0.05930197611451149,"35":-0.07477054744958878,"36":0.06513064354658127,"37":0.07957860082387924,"38":-0.03546449914574623,"39":-0.009823106229305267,"40":0.03904327377676964,"41":-0.0065866922959685326,"42":-0.06999237835407257,"43":-0.030270377174019814,"44":0.07468455284833908,"45":-0.06163297966122627,"46":-0.0059761181473731995,"47":0.04420846700668335,"48":-0.07473451644182205,"49":0.03627750277519226,"50":0.076774463057518,"51":-0.03765587508678436,"52":0.06765460968017578,"53":-0.03671446815133095,"54":0.004285894799977541,"55":0.0656464472413063,"56":-0.03836466372013092,"57":-0.07535663992166519,"58":-0.006098615936934948,"59":-0.05747787281870842,"60":0.02220861427485943,"61":0.06761559844017029,"62":0.027027424424886703,"63":0.05156246945261955,"64":0.032599810510873795,"65":0.007551433518528938,"66":0.0017777434550225735,"67":0.043780725449323654,"68":-0.06823833286762238,"69":0.00019348852219991386,"70":-0.06887839734554291,"71":-0.013288788497447968,"72":-0.0392371267080307,"73":-0.011177878826856613,"74":-0.02825397625565529,"75":0.05429653450846672,"76":-0.027843013405799866,"77":0.038630060851573944,"78":-0.06389780342578888,"79":-0.07182379066944122,"80":-0.042097751051187515,"81":-0.042888909578323364,"82":-0.00043087167432531714,"83":-0.028782853856682777,"84":0.0674322322010994,"85":0.028635744005441666,"86":-0.05612555891275406,"87":0.04627207666635513,"88":-0.01636442169547081,"89":-0.07314308732748032,"90":0.05780218541622162,"91":0.01674112118780613,"92":0.01902354322373867,"93":-0.033340394496917725,"94":-0.020145060494542122,"95":0.041107647120952606,"96":-0.019447550177574158,"97":-0.020978907123208046,"98":0.012382532469928265,"99":-0.04614410549402237}},"forgetBias":{"rows":10,"columns":1,"weights":{"0":0,"1":0,"2":0,"3":0,"4":0,"5":0,"6":0,"7":0,"8":0,"9":0}},"outputMatrix":{"rows":10,"columns":2,"weights":{"0":-0.05698850005865097,"1":-0.008242299780249596,"2":0.027677202597260475,"3":0.06417690962553024,"4":0.027103642001748085,"5":-0.029483405873179436,"6":-0.017612341791391373,"7":0.07431533187627792,"8":0.056253500282764435,"9":0.00377470045350492,"10":0.05618354305624962,"11":0.05000574141740799,"12":0.04298641160130501,"13":0.07345517724752426,"14":-0.02661367505788803,"15":-0.0021068803034722805,"16":0.06160171329975128,"17":-0.04819837957620621,"18":0.02133118361234665,"19":-0.07043766975402832}},"outputHidden":{"rows":10,"columns":10,"weights":{"0":-0.07679004967212677,"1":0.05595973879098892,"2":-0.0018912418745458126,"3":0.027646610513329506,"4":-0.03043222613632679,"5":-0.006841093301773071,"6":0.024120403453707695,"7":0.03207337483763695,"8":-0.05513801425695419,"9":-0.0031460497993975878,"10":0.04842323437333107,"11":-0.02355833724141121,"12":0.016294948756694794,"13":-0.029360640794038773,"14":-0.0651271864771843,"15":-0.042589060962200165,"16":0.07225364446640015,"17":0.025513511151075363,"18":-0.07818934321403503,"19":0.01572619564831257,"20":-0.001205798820592463,"21":-0.025732893496751785,"22":0.03561842069029808,"23":0.0673653855919838,