{"type":"LSTMTimeStep","options":{"inputSize":2,"hiddenLayers":[10],"outputSize":2,"decayRate":0.999,"smoothEps":1e-8,"regc":0.000001,"clipval":5},"hiddenLayers":[{"inputMatrix":{"rows":10,"columns":2,"weights":{"0":-0.5462871789932251,"1":-0.6739286184310913,"2":0.24987216293811798,"3":0.20462675392627716,"4":-0.6428913474082947,"5":-0.6885422468185425,"6":-0.5071369409561157,"7":-0.6212060451507568,"8":-0.6450347900390625,"9":-0.6208747625350952,"10":0.8781965374946594,"11":0.8187707662582397,"12":0.8637272119522095,"13":0.8609634637832642,"14":-0.5419462323188782,"15":-0.7302439212799072,"16":-0.5696455836296082,"17":-0.6047089099884033,"18":-0.3877357542514801,"19":-0.5776058435440063}},"inputHidden":{"rows":10,"columns":10,"weights":{"0":0.017751028761267662,"1":0.3721381723880768,"2":0.02952094003558159,"3":-0.14965125918388367,"4":0.09116238355636597,"5":0.45340123772621155,"6":-0.44147488474845886,"7":-0.04394925758242607,"8":-0.07286190986633301,"9":0.12994970381259918,"10":-0.13230015337467194,"11":-2.0703251361846924,"12":0.07121013849973679,"13":0.18189722299575806,"14":-0.03576492890715599,"15":0.24304340779781342,"16":-0.14748896658420563,"17":0.25192609429359436,"18":-0.0756901428103447,"19":-0.2010171264410019,"20":-0.05794532597064972,"21":0.40629181265830994,"22":0.0877084955573082,"23":-0.09852878004312515,"24":-0.04677450656890869,"25":0.31399005651474,"26":-0.42920154333114624,"27":0.037696998566389084,"28":0.06423569470643997,"29":0.007796644698828459,"30":0.07099994271993637,"31":0.514041543006897,"32":-0.05883864685893059,"33":-0.17105866968631744,"34":0.11405008286237717,"35":0.417472779750824,"36":-0.48913779854774475,"37":-0.09097335487604141,"38":-0.19607718288898468,"39":0.1444953978061676,"40":-0.07875379920005798,"41":0.33832064270973206,"42":-0.004292091354727745,"43":0.06911981850862503,"44":0.02788003906607628,"45":0.3821631371974945,"46":-0.380320280790329,"47":-0.03803250938653946,"48":0.05807100981473923,"49":-0.014765599742531776,"50":-0.10100403428077698,"51":-0.4199751615524292,"52":0.06927745044231415,"53":0.13008001446723938,"54":-0.051805246621370316,"55":-0.7964090704917908,"56":0.8486527800559998,"57":0.14516198635101318,"58":0.10075777024030685,"59":-0.15149655938148499,"60":0.02928551845252514,"61":-0.4906868040561676,"62":0.10590539127588272,"63":0.09366171807050705,"64":0.0033609606325626373,"65":-0.5979836583137512,"66":0.6484663486480713,"67":0.1110217273235321,"68":0.06952474266290665,"69":-0.14118929207324982,"70":0.11172132194042206,"71":0.6032653450965881,"72":-0.0681995302438736,"73":-0.1841849982738495,"74":0.17181606590747833,"75":0.4223928451538086,"76":-0.48803094029426575,"77":-0.18324309587478638,"78":-0.1611204594373703,"79":0.27893921732902527,"80":-0.12708382308483124,"81":0.34195807576179504,"82":0.1394990086555481,"83":0.06345709413290024,"84":-0.05785822495818138,"85":0.3250550925731659,"86":-0.34807640314102173,"87":-0.01368844136595726,"88":0.08063798397779465,"89":0.051262788474559784,"90":0.20231041312217712,"91":0.5500028133392334,"92":-0.14192530512809753,"93":-0.21144326031208038,"94":0.11462798714637756,"95":0.507416844367981,"96":-0.391740083694458,"97":-0.2879229187965393,"98":-0.20826323330402374,"99":0.32055675983428955}},"inputBias":{"rows":10,"columns":1,"weights":{"0":-0.5126156806945801,"1":0.6031633615493774,"2":-0.22891391813755035,"3":-0.7186869978904724,"4":-0.1653311848640442,"5":0.7690179944038391,"6":0.8459497094154358,"7":-0.3476048409938812,"8":-0.0854414775967598,"9":-0.8987839818000793}},"forgetMatrix":{"rows":10,"columns":2,"weights":{"0":-0.3464187979698181,"1":-0.29919469356536865,"2":0.9180487394332886,"3":0.6023668646812439,"4":-0.2967112362384796,"5":-0.4146174192428589,"6":-0.3111146092414856,"7":-0.35924866795539856,"8":-0.33901700377464294,"9":-0.2752007246017456,"10":0.8251675367355347,"11":0.5841620564460754,"12":0.7124440670013428,"13":0.7175601124763489,"14":-0.3679617941379547,"15":-0.30962416529655457,"16":-0.47750547528266907,"17":-0.4256843626499176,"18":-0.3458186984062195,"19":-0.339139461517334}},"forgetHidden":{"rows":10,"columns":10,"weights":{"0":0.049584075808525085,"1":0.10838306695222855,"2":-0.08838547021150589,"3":-0.06180419400334358,"4":0.09814658761024475,"5":0.10971177369356155,"6":-0.14167284965515137,"7":-0.052201300859451294,"8":-0.013083398342132568,"9":-0.019055023789405823,"10":0.06534092128276825,"11":-0.8832185864448547,"12":-0.030986061319708824,"13":0.02948770485818386,"14":0.051750298589468,"15":-0.5379733443260193,"16":0.596927285194397,"17":0.044126491993665695,"18":-0.014738135039806366,"19":0.040987782180309296,"20":-0.03977125510573387,"21":0.1506153792142868,"22":-0.04974750801920891,"23":-0.02322537824511528,"24":0.06638224422931671,"25":0.09364936500787735,"26":-0.06077451631426811,"27":-0.05450183525681496,"28":-0.04498852416872978,"29":-0.051599957048892975,"30":-0.03289787098765373,"31":0.08263134956359863,"32":-0.10545795410871506,"33":-0.019673649221658707,"34":0.11398831754922867,"35":0.06262391060590744,"36":-0.14271831512451172,"37":-0.10707858204841614,"38":-0.09385517984628677,"39":0.12338769435882568,"40":0.04706970229744911,"41":-0.004927702713757753,"42":0.01079315785318613,"43":0.025941748172044754,"44":0.07122750580310822,"45":0.007722955197095871,"46":-0.07201265543699265,"47":0.013780062086880207,"48":0.06269943714141846,"49":-0.022465592250227928,"50":-0.027218976989388466,"51":-0.5777298212051392,"52":0.029283499345183372,"53":-0.03144525736570358,"54":-0.0022701905108988285,"55":-0.4556851089000702,"56":0.5833203196525574,"57":-0.021957948803901672,"58":-0.033856067806482315,"59":-0.10137546062469482,"60":-0.05430358275771141,"61":-0.5930690765380859,"62":0.04701022431254387,"63":0.10894325375556946,"64":-0.08177299797534943,"65":-0.5810825824737549,"66":0.5856116414070129,"67":0.01869811676442623,"68":0.07065954059362411,"69":-0.09061496704816818,"70":-0.005487123038619757,"71":0.03276963159441948,"72":-0.005352991633117199,"73":0.013379672542214394,"74":0.02647607959806919,"75":0.01983809657394886,"76":-0.1135251447558403,"77":-0.10004669427871704,"78":-0.11023840308189392,"79":0.01127021573483944,"80":-0.02528694085776806,"81":0.1476624608039856,"82":-0.017542943358421326,"83":0.04716166481375694,"84":0.029528290033340454,"85":0.19715453684329987,"86":-0.11925742030143738,"87":0.01604931615293026,"88":-0.039857830852270126,"89":0.00710385013371706,"90":-0.009773081168532372,"91":0.03269368037581444,"92":0.026827683672308922,"93":-0.059626057744026184,"94":0.053805381059646606,"95":0.15347588062286377,"96":-0.027720604091882706,"97":-0.10995027422904968,"98":-0.0779842883348465,"99":0.04318362474441528}},"forgetBias":{"rows":10,"columns":1,"weights":{"0":0,"1":0,"2":0,"3":0,"4":0,"5":0,"6":0,"7":0,"8":0,"9":0}},"outputMatrix":{"rows":10,"columns":2,"weights":{"0":-0.579479992389679,"1":-0.6499513983726501,"2":0.6396090984344482,"3":0.5770115256309509,"4":-0.642300009727478,"5":-0.688222348690033,"6":-0.4626602828502655,"7":-0.5604935884475708,"8":-0.6851290464401245,"9":-0.6606752276420593,"10":0.8465322852134705,"11":0.7634178996086121,"12":0.8567551374435425,"13":0.8059157133102417,"14":-0.5087608695030212,"15":-0.5909805297851562,"16":-0.6825894713401794,"17":-0.47690916061401367,"18":-0.48135465383529663,"19":-0.5399289131164551}},"outputHidden":{"rows":10,"columns":10,"weights":{"0":0.11077026277780533,"1":0.4077705144882202,"2":-0.055888328701257706,"3":-0.07434291392564774,"4":-0.01187914703041315,"5":0.5003746151924133,"6":-0.4309588670730591,"7":-0.09926300495862961,"8":-0.05936425179243088,"9":0.19400222599506378,"10":0.1239548847079277,"11":-1.2089767456054688,"12":-0.18024173378944397,"13":0.1361655294895172,"14":0.05185715854167938,"15":-0.3610396087169647,"16":0.2937082350254059,"17":0.08122492581605911,"18":-0.07010699063539505,"19":-0.21593286097049713,"20":0.01508021354675293,"21":0.4014175534248352,"22":0.001949136727489531,"23":0.022121170535683632,